Node,ElapsedTime,EpochTime,CPUFrequency,CPUTime,CPUUtilization,Util,NodePower,Run,Progress, Counter
ns55,0,1493997767,2601000,0.000000,0.000000,0,48,0,0, 1
ns55,5,1493997772,2601000,0.390000,7.800000,0.4875,84,0,5, 1
ns55,15,1493997782,1300500,1.010000,20.200000,1.2625,63,0,15, 1
ns55,25,1493997792,650250,0.990000,19.800000,1.2375,69,0,25, 1
ns55,35,1493997802,520200,0.980000,19.600000,1.225,63,0,35, 1
ns55,45,1493997812,371571,0.970000,19.400000,1.2125,69,0,45, 1
ns55,55,1493997822,289000,0.990000,19.800000,1.2375,63,0,55, 1
ns55,70,1493997837,216750,0.970000,19.400000,1.2125,57,0,70, 1
ns55,80,1493997847,185785,0.950000,19.000000,1.1875,57,0,80, 2
ns55,90,1493997857,162562,0.930000,18.600000,1.1625,48,0,90, 1
ns55,100,1493997867,289000,0.910000,18.200000,1.1375,57,0,100, 1
ns55,110,1493997877,260100,0.940000,18.800000,1.175,66,0,110, 1
ns55,120,1493997887,354681,1.000000,20.000000,1.25,63,0,120, 1
ns55,130,1493997897,1362428,12.110000,242.200000,15.1375,144,1,9.5, 1
ns55,140,1493997907,1852767,16.410000,328.200000,20.5125,189,1,19.5, 1
ns55,150,1493997917,2080800,16.120000,322.400000,20.15,84,1,29.5, 1
ns55,160,1493997927,2186347,16.140000,322.800000,20.175,123,1,39.5, 1
ns55,175,1493997942,2293354,16.340000,326.800000,20.425,129,1,54.5, 1
ns55,185,1493997952,2327835,16.190000,323.800000,20.2375,69,1,64.5, 1
ns55,195,1493997962,2362661,16.240000,324.800000,20.3,84,1,74.5, 1
ns55,205,1493997972,2380420,15.850000,317.000000,19.8125,57,1,84.5, 1
ns55,215,1493997982,2394571,16.040000,320.800000,20.05,72,1,94.5, 1
ns55,225,1493997992,2406112,15.570000,311.400000,19.4625,165,1,104.5, 1
ns55,235,1493998002,2421620,15.340000,306.800000,19.175,174,1,114.5, 1
ns55,245,1493998012,2433792,27.040000,540.800000,33.8,180,2,4, 1
ns55,255,1493998022,2456500,44.450000,889.000000,55.5625,150,2,14, 1
ns55,265,1493998032,2475494,48.230000,964.600000,60.2875,93,2,24, 1
ns55,280,1493998047,2496402,48.500000,970.000000,60.625,90,2,39, 1
ns55,290,1493998057,2508327,48.300000,966.000000,60.375,192,2,49, 1
ns55,300,1493998067,2515039,47.640000,952.800000,59.55,192,2,59, 2
ns55,310,1493998077,2517747,45.840000,916.800000,57.3,138,2,69, 1
ns55,320,1493998087,2522322,46.710000,934.200000,58.3875,180,2,79, 1
ns55,330,1493998097,2526258,47.140000,942.800000,58.925,135,2,89, 1
ns55,340,1493998107,2531613,47.260000,945.200000,59.075,189,2,99, 1
ns55,350,1493998117,2534449,47.240000,944.800000,59.05,207,2,109, 1
ns55,360,1493998127,2536927,47.770000,955.400000,59.7125,168,2,119, 1
ns55,370,1493998137,2540139,66.350000,1327.000000,82.9375,174,3,8.5, 1
ns55,385,1493998152,221992,72.010000,1440.200000,90.0125,186,3,23.5, 1
ns55,395,1493998162,399494,76.120000,1522.400000,95.15,207,3,33.5, 1
ns55,405,1493998172,558749,78.500000,1570.000000,98.125,198,3,43.5, 1
ns55,415,1493998182,692236,74.610000,1492.200000,93.2625,222,3,53.5, 1
ns55,425,1493998192,809214,76.170000,1523.400000,95.2125,207,3,63.5, 1
ns55,435,1493998202,917433,80.010000,1600.200000,100.013,207,3,73.5, 2
ns55,445,1493998212,1015816,82.730000,1654.600000,103.412,204,3,83.5, 1
ns55,455,1493998222,1106152,84.080000,1681.600000,105.1,213,3,93.5, 1
ns55,465,1493998232,1185004,83.140000,1662.800000,103.925,192,3,103.5, 1
ns55,475,1493998242,1257077,84.550000,1691.000000,105.688,198,3,113.5, 1
ns55,490,1493998257,140626,88.270000,1765.400000,110.338,204,4,8, 1
ns55,500,1493998267,268421,101.320000,2026.400000,126.65,210,4,18, 1
ns55,510,1493998277,384625,101.600000,2032.000000,127,219,4,28, 1
ns55,520,1493998287,492295,100.370000,2007.400000,125.463,222,4,38, 1
ns55,530,1493998297,591323,102.160000,2043.200000,127.7,213,4,48, 1
ns55,540,1493998307,677607,101.350000,2027.000000,126.688,219,4,58, 1
ns55,550,1493998317,757910,95.640000,1912.800000,119.55,219,4,68, 2
ns55,560,1493998327,828500,98.140000,1962.800000,122.675,213,4,78, 1
ns55,570,1493998337,55504,97.020000,1940.400000,121.275,219,4,88, 1
ns55,580,1493998347,149860,99.620000,1992.400000,124.525,222,4,98, 1
ns55,595,1493998362,280330,100.460000,2009.200000,125.575,201,4,113, 1
ns55,605,1493998372,361625,100.410000,2008.200000,125.513,207,5,2.5, 1
ns55,615,1493998382,433070,98.760000,1975.200000,123.45,207,5,12.5, 2
ns55,625,1493998392,509843,111.400000,2228.000000,139.25,201,5,22.5, 1
ns55,635,1493998402,582990,114.190000,2283.800000,142.738,216,5,32.5, 1
ns55,645,1493998412,8128,112.960000,2259.200000,141.2,213,5,42.5, 1
ns55,655,1493998422,93244,113.480000,2269.600000,141.85,222,5,52.5, 1
ns55,665,1493998432,172926,114.830000,2296.600000,143.537,213,5,62.5, 1
ns55,675,1493998442,248031,114.100000,2282.000000,142.625,213,5,72.5, 2
ns55,685,1493998452,317344,112.290000,2245.800000,140.363,210,5,82.5, 1
ns55,690,1493998457,351105,114.250000,2285.000000,142.812,213,5,87.5, 1
ns55,700,1493998467,415720,114.440000,2288.800000,143.05,216,5,97.5, 1
ns55,710,1493998477,475830,112.530000,2250.600000,140.662,204,5,107.5, 1
ns55,720,1493998487,21573,114.450000,2289.000000,143.062,216,5,117.5, 1
ns55,730,1493998497,82462,94.960000,1899.200000,118.7,213,6,7, 1
ns55,740,1493998507,143618,114.680000,2293.600000,143.35,210,6,17, 1
ns55,750,1493998517,208477,119.380000,2387.600000,149.225,216,6,27, 1
ns55,760,1493998527,269455,118.710000,2374.200000,148.387,216,6,37, 2
ns55,770,1493998537,327648,119.650000,2393.000000,149.562,219,6,47, 1
ns55,780,1493998547,382994,119.380000,2387.600000,149.225,210,6,57, 1
ns55,790,1493998557,6327,118.770000,2375.400000,148.463,210,6,67, 2
ns55,795,1493998562,36813,119.780000,2395.600000,149.725,210,6,72, 3
ns55,805,1493998572,95928,120.110000,2402.200000,150.137,201,6,82, 1
ns55,815,1493998582,152364,120.040000,2400.800000,150.05,207,6,92, 1
ns55,825,1493998592,205860,118.750000,2375.000000,148.438,195,6,102, 1
ns55,835,1493998602,257037,118.890000,2377.800000,148.613,210,6,112, 1
ns55,845,1493998612,306282,119.130000,2382.600000,148.912,213,7,1.5, 1
ns55,855,1493998622,345885,99.290000,1985.800000,124.112,210,7,11.5, 1
ns55,865,1493998632,25455,120.260000,2405.200000,150.325,213,7,21.5, 1
ns55,875,1493998642,76757,119.810000,2396.200000,149.762,207,7,31.5, 1
ns55,885,1493998652,125846,119.940000,2398.800000,149.925,207,7,41.5, 2
ns55,900,1493998667,196359,120.620000,2412.400000,150.775,207,7,56.5, 3
ns55,910,1493998677,240926,118.790000,2375.800000,148.488,198,7,66.5, 1
ns55,920,1493998687,284041,120.150000,2403.000000,150.188,219,7,76.5, 1
ns55,930,1493998697,321494,119.710000,2394.200000,149.637,207,7,86.5, 1
ns55,940,1493998707,44358,120.230000,2404.600000,150.287,216,7,96.5, 1
ns55,950,1493998717,88531,119.410000,2388.200000,149.262,213,7,106.5, 1
ns55,960,1493998727,131562,121.200000,2424.000000,151.5,207,7,116.5, 1
ns55,970,1493998737,171768,113.490000,2269.800000,141.863,216,8,6, 1
ns55,980,1493998747,200886,86.480000,1729.600000,108.1,213,8,16, 1
ns55,990,1493998757,229175,86.050000,1721.000000,107.562,210,8,26, 1
ns55,1005,1493998772,270029,86.050000,1721.000000,107.562,213,8,41, 1
ns55,1015,1493998782,10651,86.070000,1721.400000,107.588,219,8,51, 1
ns55,1025,1493998792,39633,85.590000,1711.800000,106.987,213,8,61, 1
ns55,1035,1493998802,67965,85.990000,1719.800000,107.487,222,8,71, 1
ns55,1045,1493998812,95682,85.470000,1709.400000,106.838,213,8,81, 1
ns55,1055,1493998822,122784,85.400000,1708.000000,106.75,219,8,91, 1
ns55,1065,1493998832,149308,85.510000,1710.200000,106.888,228,8,101, 1
ns55,1075,1493998842,175267,85.850000,1717.000000,107.312,210,8,111, 1
ns55,1085,1493998852,200826,85.410000,1708.200000,106.763,204,9,0.5, 1
ns55,1095,1493998862,224545,76.450000,1529.000000,95.5625,210,9,10.5, 1
ns55,1110,1493998877,255293,71.780000,1435.600000,89.725,210,9,25.5, 2
ns55,1120,1493998887,18677,71.710000,1434.200000,89.6375,201,9,35.5, 1
ns55,1130,1493998897,40389,71.640000,1432.800000,89.55,222,9,45.5, 1
ns55,1140,1493998907,61737,71.180000,1423.600000,88.975,213,9,55.5, 1
ns55,1150,1493998917,82733,71.320000,1426.400000,89.15,210,9,65.5, 1
ns55,1160,1493998927,103379,71.170000,1423.400000,88.9625,219,9,75.5, 1
ns55,1170,1493998937,123695,71.320000,1426.400000,89.15,213,9,85.5, 1
ns55,1180,1493998947,143666,71.670000,1433.400000,89.5875,213,9,95.5, 2
ns55,1190,1493998957,163331,71.030000,1420.600000,88.7875,201,9,105.5, 1
ns55,1200,1493998967,182674,71.210000,1424.200000,89.0125,195,9,115.5, 1
ns55,1215,1493998982,210857,69.660000,1393.200000,87.075,195,10,10, 2
ns55,1225,1493998992,228020,65.580000,1311.600000,81.975,204,10,20, 1
ns55,1235,1493999002,10761,65.140000,1302.800000,81.425,219,10,30, 1
ns55,1245,1493999012,28831,64.850000,1297.000000,81.0625,222,10,40, 1
ns55,1255,1493999022,46512,64.490000,1289.800000,80.6125,213,10,50, 1
ns55,1265,1493999032,63813,64.600000,1292.000000,80.75,213,10,60, 2
ns55,1275,1493999042,80876,64.090000,1281.800000,80.1125,216,10,70, 1
ns55,1285,1493999052,97849,64.580000,1291.600000,80.725,225,10,80, 1
ns55,1295,1493999062,114460,63.900000,1278.000000,79.875,204,10,90, 1
ns55,1305,1493999072,130849,64.080000,1281.600000,80.1,213,10,100, 1
ns55,1320,1493999087,154828,63.930000,1278.600000,79.9125,216,10,115, 1
ns55,1330,1493999097,168938,63.820000,1276.400000,79.775,213,11,4.5, 1
